id,manufacturer,model,owner
1,Porsche,944,Thalia Erington
2,Dodge,Intrepid,Gregoire Merigot
3,Mazda,B-Series Plus,Theodor Earngy
4,Mitsubishi,Montero Sport,Quintilla Andino
5,Dodge,Ram 1500 Club,Mei Cod
6,Mazda,CX-9,Car Zuanazzi
7,Mazda,MX-5,Katharine Galero
8,Mitsubishi,Galant,Paloma Breffitt
9,Mazda,B-Series,Ninnetta Wedge
10,Mercedes-Benz,CL-Class,Kacy Senett
11,Lexus,ES,Shay Szubert
12,Chevrolet,Suburban 1500,Brewer Denis
13,Maserati,228,Patrica Qualtro
14,Ford,Mustang,Courtnay Kelway
15,Mazda,929,Dani MacSporran
16,Ford,Mustang,Rochette Carlin
17,Nissan,Titan,Ulrika Michal
18,Ford,E-Series,Blakelee Traice
19,Ford,LTD,Wallace Hamblen
20,Lexus,ES,Yvon Carbery
21,Volkswagen,Passat,Rikki Allain
22,Honda,Accord,Kirby MacHoste
23,Honda,Civic,Juli Comar
24,Ford,Mustang,Amii Coppenhall
25,Chevrolet,S10,Gard Claire
26,Pontiac,G6,Desmond Leatham
27,Maybach,57,Harriot Masic
28,Oldsmobile,Silhouette,Pancho Pedel
29,Ford,Fiesta,Grange Golledge
30,Lincoln,MKS,Ardra Gerretsen
31,Hyundai,Accent,Danielle Walder
32,Chevrolet,Lumina,Jilli Hawkswood
33,Ford,Escort,Aloise Kirtlan
34,Mercury,Cougar,Arty Spencook
35,Buick,Roadmaster,Karyn Riha
36,Scion,xB,Sonni Sheryne
37,Mazda,RX-8,Stacey Cape
38,Saturn,S-Series,Dorian Caldroni
39,Chevrolet,Tahoe,Sanson Mellon
40,Lexus,ES,Crissy Lempke
41,Porsche,Boxster,Germayne Corgenvin
42,Chevrolet,Astro,Costanza Hawthorne
43,Acura,NSX,Parsifal Wordesworth
44,Cadillac,Seville,Vickie Leagas
45,Land Rover,Range Rover Sport,Carlin Agius
46,Nissan,Quest,Tedra Longo
47,Chevrolet,Beretta,Kimberly Peattie
48,Toyota,Prius,Clarinda Whelpton
49,Ferrari,430 Scuderia,Cyndie Girodias
50,Mercedes-Benz,CLS-Class,Elias Meeking
51,Ford,F250,Saloma Parrott
52,Toyota,Camry Solara,Rozelle Van Halle
53,Mercedes-Benz,SLS AMG,Chelsie Lowensohn
54,Lexus,IS,Angelina Suero
55,Lexus,LFA,Elora de Wilde
56,Land Rover,Range Rover,Lula Mothersdale
57,Oldsmobile,Intrigue,Sol Megany
58,Chrysler,Pacifica,Wilmette Upcraft
59,Acura,Integra,Annadiana Bowers
60,Chevrolet,Express 3500,Craggie Essam
61,Hyundai,Elantra,Timmy Laxton
62,Toyota,Tacoma Xtra,Catlin Baylis
63,Buick,Park Avenue,Josie Biggerdike
64,Mercury,Sable,Hubey Grasha
65,Hyundai,Accent,Kearney Leverette
66,Ford,F250,Bunni Dolle
67,Honda,CR-V,Bret Beuscher
68,Buick,Regal,Emmerich McCaughen
69,Porsche,Cayenne,Delmar Futty
70,Chevrolet,Tahoe,Piper Gaspero
71,BMW,M,Buffy Dendon
72,Nissan,350Z,Vickie Monkleigh
73,Nissan,Murano,Fiona Plumstead
74,Honda,Civic,Spence Papis
75,Mitsubishi,Lancer,Denni Duffell
76,Nissan,Altima,Mel Louedey
77,Honda,Crosstour,Finley Dukes
78,Chevrolet,Uplander,Kathlin Hellwich
79,Ford,GT,Hettie Cellier
80,Isuzu,Amigo,Meg Kemm
81,Land Rover,Discovery,Winna Rochester
82,Mazda,MX-5,Cari Dymocke
83,Suzuki,Sidekick,Amble MacConnel
84,Audi,RS 6,Doralyn Dadswell
85,Ford,Thunderbird,Hannie Furmonger
86,Infiniti,G,Isaiah Cattach
87,Honda,Civic,Melany Biddwell
88,Plymouth,Acclaim,Diahann Skellen
89,Ford,Explorer Sport,Tracie Heare
90,Chevrolet,Camaro,Virginia covino
91,Saab,9000,Mariele Milesap
92,Acura,RDX,Alyss Lawland
93,Acura,TL,Heidi Sallan
94,Lotus,Esprit,Candide McLemon
95,Buick,Roadmaster,Lonnard Seczyk
96,Mercedes-Benz,GLK-Class,Dawn Asaaf
97,Porsche,Boxster,Joshuah O'Hearn
98,Lexus,RX,Beaufort Marris
99,Ford,Tempo,Darby Cleworth
100,Panoz,Esperante,Devonna Battleson
101,Mazda,RX-7,Pollyanna Laraway
102,Chevrolet,Corvette,Herculie Curl
103,Ford,Expedition,Kahlil Klaiser
104,Cadillac,SRX,Melody Rodgman
105,Chevrolet,Monte Carlo,Tiler Yansons
106,Chevrolet,Suburban,Nerta Ethersey
107,Mercedes-Benz,300E,Roberta Ezele
108,Buick,Park Avenue,Faina Kochlin
109,Toyota,Matrix,Lin Wyleman
110,Bentley,Continental GTC,Keene Chasier
111,Cadillac,Escalade ESV,Lise Assaf
112,Plymouth,Voyager,Francisco Pafford
113,Dodge,Dakota Club,Reggy Frotton
114,Mazda,B-Series,Margette Connors
115,Nissan,Cube,Gayleen Ebenezer
116,Volkswagen,Tiguan,Conrado Dufore
117,Buick,Century,Rogers Elijah
118,Chevrolet,Silverado 2500,Nickolai Twoohy
119,Cadillac,DeVille,Bren Chaucer
120,Suzuki,XL-7,Seumas Grute
121,Toyota,Camry,Cozmo Gatherer
122,Chevrolet,Blazer,Thorpe Reihill
123,GMC,Sierra 3500,Leesa Terran
124,Toyota,Matrix,Hamid Salandino
125,GMC,1500,Edward Soppitt
126,Scion,xB,Raoul Plampeyn
127,Chevrolet,Cavalier,Gunther Brace
128,Volkswagen,Corrado,Elsworth Ausiello
129,Mercedes-Benz,E-Class,Stanislaw Loving
130,Mercury,Mountaineer,Tamara Fearns
131,Toyota,Tacoma,Dody Jaouen
132,Mitsubishi,Pajero,Tammie Sancroft
133,Dodge,Ram 3500,Domingo Fuchs
134,Honda,Ridgeline,Hirsch Spread
135,Honda,Prelude,Fritz Pasley
136,Maybach,62,Lucius Pankhurst.
137,Nissan,Pathfinder,Jillian Burree
138,Suzuki,SJ,Colette Goldsmith
139,Honda,CR-V,Borden Risbie
140,Toyota,Celica,Fayre Barnet
141,Nissan,Sentra,Artus Plait
142,GMC,Safari,Karry Scoterbosh
143,Plymouth,Colt Vista,Hernando Castilljo
144,Saturn,S-Series,Jay Fridd
145,Ford,Windstar,Lyndell Le Clercq
146,Ford,Mustang,Kari Coppeard
147,Chrysler,PT Cruiser,Hedy Soutar
148,Volvo,XC60,Christiane Montague
149,Jeep,Grand Cherokee,Alicia Edgerly
150,Saturn,Ion,Cliff Pickwell
151,Chevrolet,Corvette,Theodosia Yorston
152,Aptera,Typ-1,Dalis Keniwell
153,Lotus,Esprit,Cinda Jurkiewicz
154,Chevrolet,G-Series G10,Davidde Lythgoe
155,Mercedes-Benz,W123,Yale Bayley
156,Chevrolet,Express 1500,Daron Measen
157,GMC,Sierra Hybrid,Larissa Wardesworth
158,Pontiac,Grand Prix,Stephana Girdlestone
159,GMC,2500,Frannie McSherry
160,Pontiac,Firebird,Car Simyson
161,BMW,8 Series,Elvera Goudy
162,Audi,RS 6,Doralia Dymick
163,Ford,Econoline E250,Ninetta O'Lunney
164,BMW,X5,Harry Bordes
165,Pontiac,Sunbird,Gilligan Buxey
166,Chevrolet,Corsica,Clare Durran
167,Hyundai,Elantra,Eleen Slyme
168,Cadillac,Escalade ESV,Arney Yearby
169,Bentley,Continental GT,Meta Rittmeier
170,GMC,Sierra 1500,Linet Esche
171,Chevrolet,TrailBlazer,Lura Cruess
172,Lincoln,LS,Johannes MacBain
173,Ford,Focus,Lurette Tolman
174,Buick,Verano,Gunner Aucock
175,Mitsubishi,Galant,Warner Zecchini
176,Chevrolet,Tahoe,Herbert Sibbit
177,Ford,Econoline E150,Tarrance Kebell
178,Isuzu,Hombre Space,Brit Moggach
179,Mercedes-Benz,S-Class,Shelley Foye
180,Jeep,Patriot,Elianore Poore
181,Ford,Fiesta,Sunny McDavitt
182,Mercedes-Benz,SL-Class,Alexei Gutteridge
183,Aptera,Typ-1,Tadd Headings
184,Geo,Prizm,Bruce Ladlow
185,Dodge,Grand Caravan,Westley McCanny
186,Pontiac,Grand Prix,Lilia Pothecary
187,Audi,100,Aharon Daugherty
188,Pontiac,Grand Am,Carver Blowen
189,Kia,Sedona,Phil Preon
190,Land Rover,Discovery,Virge Rolph
191,Volkswagen,Golf,Torry Lotwich
192,Toyota,Sequoia,Danni Fantonetti
193,Volkswagen,Golf,Jannel Martelet
194,Suzuki,Sidekick,Ulrika Castagne
195,Chevrolet,Suburban 1500,Nicolas Alty
196,Eagle,Talon,Darby Nichol
197,Toyota,Celica,Catina Baskwell
198,Bentley,Arnage,Kimberlee Eastridge
199,Chevrolet,Camaro,Jacques Andric
200,Lincoln,MKZ,Eb Tribbeck
201,Ford,E250,Mar McMeekin
202,Lexus,LS,Renato Boyse
203,Honda,Odyssey,Elsy Morsom
204,Chevrolet,Silverado 3500,Cariotta Larrat
205,Mercedes-Benz,CLS-Class,Marilyn Wixey
206,Lexus,LX,Hilario Ramsey
207,Toyota,MR2,Diane-marie Ketteringham
208,Ford,Econoline E350,Florette Niave
209,BMW,525,Sharyl Craske
210,Chrysler,Pacifica,Ferris Grimsdith
211,Lamborghini,Revent√≥n,Kellby Stapleton
212,Volkswagen,Cabriolet,Marlyn Sitford
213,Ford,Excursion,Wolfgang Flavelle
214,Suzuki,SJ 410,Rita Romera
215,Chevrolet,Venture,Gerta Hugk
216,Ford,Mustang,Kelcie Tichner
217,Audi,200,Christye Grindall
218,BMW,3 Series,Ilysa Wield
219,Acura,RL,Deloris Peabody
220,Isuzu,Rodeo,Alasteir Elam
221,Buick,Park Avenue,Wallie Crates
222,Volkswagen,Golf,Mirna Moncey
223,Dodge,Intrepid,Donia Steeples
224,Ford,GT,Deeann Londer
225,Buick,Century,Erastus Drysdall
226,Isuzu,i-Series,Nicki Holdall
227,Mitsubishi,Starion,Arnuad Lackham
228,Dodge,Ram Van 1500,Darcy Noad
229,Chevrolet,Express 2500,Nial Wahncke
230,GMC,Sierra 1500,Marleah Shiril
231,Maserati,430,Nickolai Odde
232,GMC,Sierra 1500,Margareta Garms
233,Ford,Club Wagon,Merwyn Leacock
234,Ford,Thunderbird,Nita Munton
235,Infiniti,G,Ginger Oakman
236,GMC,Sierra 1500,Silvan Quarlis
237,GMC,Sierra 2500,Khalil Bonnefin
238,GMC,Savana 1500,Giavani Cookley
239,Saturn,L-Series,Dorothee MacArdle
240,Lexus,ES,Sarina Frizell
241,Oldsmobile,Cutlass Supreme,Illa Pargeter
242,Subaru,Loyale,Jo Jermin
243,BMW,X5,Mellisent Webland
244,Dodge,Ram Wagon B250,Stanwood MacPaik
245,Buick,Century,Adriena Gumary
246,Volkswagen,Eurovan,Gabriel Ruilton
247,Mercedes-Benz,G-Class,Goldia Goymer
248,Buick,Century,Kain Millbank
249,Lincoln,LS,Berenice Hattam
250,Volkswagen,GTI,Barnie Stang-Gjertsen
251,Toyota,Sienna,Dawna Fowle
252,Mazda,MX-6,Saxon Menichelli
253,Buick,Riviera,Kenton Escreet
254,Cadillac,Escalade ESV,Hedwiga Pryce
255,Dodge,Ram 3500,Darbee Neissen
256,Chevrolet,Blazer,Gardy Wakes
257,GMC,Sierra 2500,Brockie Avraam
258,Toyota,4Runner,Chance Grocott
259,Infiniti,J,Becka Cicchillo
260,Jaguar,XK,Carce Vivians
261,Volkswagen,GTI,Stanfield Torrisi
262,Buick,Skylark,Karlik Chesher
263,Toyota,T100,Hanna Menichi
264,Infiniti,Q,Fayre Gatus
265,Volvo,S60,Farrah Crone
266,Volvo,V50,Onida Becker
267,Nissan,Altima,Margi Fourmy
268,Mercedes-Benz,SLK-Class,Dru Wolfendell
269,Kia,Sedona,Carol-jean Andrus
270,Bentley,Azure,Neddie Hornbuckle
271,Mitsubishi,Eclipse,Andrus Bennell
272,GMC,Yukon XL 1500,Heriberto Wimbush
273,Mercury,Grand Marquis,Malissia Duff
274,Ford,Explorer Sport Trac,Cleveland Brittin
275,Cadillac,Eldorado,Consolata Acott
276,Mitsubishi,Starion,Emanuel Reckless
277,Subaru,Tribeca,Gabbi Arrandale
278,Hyundai,XG350,Land Arnull
279,Kia,Amanti,Rhianon Rego
280,Ford,F250,Joli Cardwell
281,Jeep,Liberty,Lusa Blest
282,Kia,Spectra,Karyn Brayne
283,Toyota,Celica,Creighton Gallardo
284,Chevrolet,Astro,Jodie Doughton
285,Volkswagen,Golf,Vick Dumpleton
286,Ford,Crown Victoria,Joeann Klagge
287,Subaru,Justy,Sydel Nathan
288,Mercedes-Benz,E-Class,Lammond Diffley
289,Mercedes-Benz,SL-Class,Rafaellle Quixley
290,Audi,A4,Felicle Labden
291,Chevrolet,Cobalt,Krystle Raftery
292,Ford,Thunderbird,Raine Probart
293,Honda,Pilot,Cathyleen Matissoff
294,Mazda,Miata MX-5,Darby Blainey
295,Land Rover,LR4,Deck Southwick
296,Acura,Integra,Gustie Ensley
297,Saab,9-5,Brandtr Corington
298,Chevrolet,S10 Blazer,Claiborne Shasnan
299,Saturn,S-Series,Cindie Lay
300,Volvo,S80,Tedi Huegett
301,Ford,Edge,Zsa zsa Skrzynski
302,Pontiac,Bonneville,Malachi Crow
303,Ford,Escort,Fiona Bellefant
304,Chevrolet,Express 2500,Corella Aleso
305,Mitsubishi,RVR,Sherwood Samworth
306,Suzuki,Sidekick,Isiahi Stienham
307,Ford,Explorer,Emmery Cadalleder
308,GMC,Yukon,Dane Tixier
309,Dodge,Avenger,Tedra Schoales
310,Mitsubishi,Chariot,Akim Rego
311,Ford,Explorer Sport Trac,Carmelita Feighney
312,Dodge,Ram 1500,Sephira Woodyeare
313,Acura,NSX,Jacquenette Craze
314,Porsche,911,Lynnette Bonnefin
315,Acura,RL,Lamar Oles
316,Jeep,Grand Cherokee,Janelle Dorro
317,Dodge,Caravan,Ida Ivashechkin
318,Dodge,Ram 1500 Club,Zak Ganter
319,Mercury,Villager,Mead Finnie
320,Kia,Sportage,Susi Di Ruggiero
321,Lexus,IS-F,Rosie Aldin
322,Acura,Legend,Leah Handasyde
323,Ford,Escort,Dara Rapin
324,Mercury,Cougar,Yorgos Rowler
325,Volvo,960,Sile Volante
326,Chevrolet,HHR,Luz Tebbett
327,Acura,RL,Carlynn Davidsen
328,Toyota,Matrix,Dorice McPhillimey
329,Lincoln,Town Car,Mellisent Minall
330,Hyundai,Elantra,Jarrett Nower
331,Volkswagen,Phaeton,Sinclare Gallanders
332,Oldsmobile,Ciera,Titos Loadsman
333,Chevrolet,Suburban 2500,Lucila Ruthven
334,GMC,Yukon XL 1500,Tammara Straughan
335,Infiniti,Q,Britt Maulin
336,Mercedes-Benz,G-Class,Tobe Andreopolos
337,Lincoln,Continental,Dalt Blampied
338,Saab,9-5,Carmine Sagerson
339,Pontiac,Grand Prix,Sile Quick
340,Acura,NSX,Angus Bursnall
341,Chrysler,Concorde,Beverlie Savile
342,Mitsubishi,Chariot,Patsy Marzella
343,Morgan,Aero 8,Zolly Kinnerk
344,Audi,A6,Iggie Eynaud
345,Mazda,Protege,Kev Southby
346,Chevrolet,Equinox,Oran Scotchbrook
347,Chevrolet,Suburban 1500,Gerta Eiler
348,Ford,F150,Sammy Edgeon
349,Dodge,Caravan,Karole Dorkins
350,Audi,A8,Frannie Woollhead
351,Saab,9000,Janella Geri
352,Hummer,H3,Elenore L'Archer
353,GMC,Sonoma,Jenn Eskrigg
354,Honda,Accord Crosstour,Corette Vinau
355,Buick,Skylark,Winnifred Edgar
356,Toyota,Venza,Elsey Telfer
357,Toyota,FJ Cruiser,Crystal Betty
358,Toyota,Supra,Gabriela Scragg
359,Subaru,Legacy,Jennie Boykett
360,Cadillac,Brougham,Elbertine Pakeman
361,Chevrolet,Suburban 2500,Nikos Labrone
362,Mazda,929,Leora Duddle
363,GMC,Yukon,Stillmann Blissitt
364,Lincoln,Town Car,Josephina Pakes
365,Isuzu,Oasis,Terence Blasli
366,Porsche,Panamera,Ancell Muttitt
367,GMC,Envoy,Helyn Boatswain
368,Honda,CR-V,Brok McLagain
369,Land Rover,Freelander,Almira Carnachen
370,BMW,3 Series,Walliw Aggas
371,Suzuki,X-90,Delilah Formie
372,Audi,S4,Burnard Brazur
373,Chrysler,Town & Country,Aurel Tidy
374,Jeep,Wrangler,Gusta Mathwin
375,Hyundai,Elantra,Minor Armall
376,Hyundai,Azera,Stern Figgins
377,Audi,80,Storm Tottie
378,Honda,S2000,Malena Penddreth
379,Toyota,TundraMax,Mordecai Rein
380,Isuzu,Space,Dewie Waggatt
381,Chevrolet,Silverado 3500,Paul Le Breton De La Vieuville
382,Mercedes-Benz,E-Class,Wendy Dewitt
383,Pontiac,Montana,Jayme Worham
384,Bentley,Continental,Brooke Santus
385,Chevrolet,Equinox,Cornelle Moberley
386,Ford,E350,Lucy Kohring
387,Suzuki,Daewoo Lacetti,Sally Pikett
388,Buick,Regal,Libbey Siddele
389,Ford,Focus,Tildie Zecchini
390,Dodge,Durango,Atalanta Kurtis
391,Mitsubishi,Eclipse,Roderic Rimmington
392,BMW,7 Series,Filia Crowdy
393,Audi,S5,Alejoa Robshaw
394,Buick,Coachbuilder,Tandy Lyffe
395,Cadillac,Seville,Delbert Showte
396,Oldsmobile,Bravada,Corabelle Curragh
397,Mercury,Cougar,Carmine Spellsworth
398,Maserati,Spyder,Kenton Hyndes
399,Oldsmobile,Cutlass Supreme,Myca Tuley
400,Acura,CL,Aurea Tait
401,Land Rover,Range Rover Sport,Carmine Christal
402,Lotus,Esprit,Kerri Maltman
403,Nissan,Frontier,Lefty Wittering
404,Toyota,Land Cruiser,Jamie Ibbeson
405,Ford,ZX2,Jorry Monteath
406,Dodge,Viper,Reilly Selman
407,Toyota,Camry,Alina Dymock
408,Mercedes-Benz,G-Class,Evania Glandon
409,Toyota,Prius,Kris Capps
410,GMC,Yukon XL 1500,Gilberto D'Elias
411,Chevrolet,Camaro,Rena Shawell
412,Toyota,Corolla,Noelyn McPheat
413,Chrysler,Pacifica,Fonz Bonefant
414,Mercury,Villager,Olva Lowsely
415,Mercedes-Benz,500SEC,Caresse Franies
416,Land Rover,Freelander,Edgardo Stainland
417,Oldsmobile,Silhouette,Almeria Daftor
418,Volkswagen,Beetle,Cristal Briggs
419,Mazda,Familia,Haven Bishopp
420,Mitsubishi,Diamante,Aleen Bisco
421,Maybach,57,Tiff Buddleigh
422,Mitsubishi,Pajero,Samaria McIlhagga
423,Dodge,Neon,Eustace Fremantle
424,Chrysler,PT Cruiser,Franchot Bellhanger
425,Dodge,Ram,Jacquenetta Earingey
426,Chevrolet,Suburban 2500,Ambrosi Gelderd
427,Subaru,Impreza,Ethelda Bewshaw
428,Infiniti,I,Kingston Arminger
429,Ford,Explorer Sport Trac,Jon Petry
430,Volkswagen,Golf,Harrie McIlvenny
431,Mazda,MX-6,Elnar D'Aguanno
432,Chevrolet,Camaro,Onida Webben
433,Dodge,Durango,Britt Chisman
434,Mazda,MX-5,Emeline Platts
435,Dodge,Grand Caravan,Agretha Hughlin
436,Toyota,Echo,Dorisa Oslar
437,Chevrolet,S10,Heloise Benettolo
438,Mercedes-Benz,E-Class,Doti Frazer
439,Jeep,Compass,Jeffrey Gowthorpe
440,Ford,Contour,Cally Cooke
441,Buick,Lucerne,Rick Birrel
442,MINI,Clubman,Jenn Connerly
443,BMW,3 Series,Kendal Layhe
444,Oldsmobile,Cutlass Cruiser,Nariko Dennington
445,Suzuki,Daewoo Lacetti,Gabie Glass
446,Acura,MDX,Donaugh Gercken
447,GMC,Envoy XL,Sela Goldstone
448,Hyundai,Accent,Frederik Payton
449,Chevrolet,Lumina,Bertha Benettini
450,BMW,M3,Mamie Speed
451,Hyundai,Elantra,Calla Sparham
452,Mazda,MX-3,Germain Chittie
453,Saab,900,Bernete Lornsen
454,Kia,Optima,Donnie Debrett
455,Ford,Aerostar,Constanta Ricketts
456,Suzuki,XL7,Hubey Lettuce
457,Isuzu,i-370,Vachel Yurin
458,Ford,Expedition EL,Cindee Grebert
459,Nissan,Altima,Nelly Kalkofer
460,Chrysler,Town & Country,Skyler Bowton
461,Lincoln,Navigator,Roddy Oki
462,Aston Martin,Vantage,Muhammad Duffus
463,Mazda,Navajo,Dewey Carlet
464,Maserati,Gran Sport,Merrile Treherne
465,Toyota,Prius,Saudra Barreau
466,Land Rover,Range Rover,Parry Arrighini
467,Volkswagen,GLI,Odie Blowick
468,Chevrolet,Silverado,Risa Ferrarello
469,Porsche,Cayenne,Gaultiero Matuszynski
470,Lexus,RX,Cherilyn Haszard
471,Ford,Mustang,Kevan Signe
472,Toyota,Highlander,Field Lynn
473,Suzuki,Grand Vitara,Robyn Birtle
474,GMC,1500,Rupert Sheilds
475,Mercedes-Benz,GLK-Class,Vassily Fearick
476,Toyota,Highlander,Hana Kerwen
477,Mitsubishi,Cordia,Minetta Alder
478,Cadillac,Escalade,Bjorn Gley
479,Mitsubishi,Diamante,Venus Bottby
480,Mitsubishi,Galant,Annamaria Domanek
481,Land Rover,Range Rover Sport,Barbara Sargint
482,Oldsmobile,Alero,Ram Mullane
483,Merkur,XR4Ti,Rolland Ferreiro
484,BMW,325,Lorie Sidon
485,Nissan,Altima,Aylmer Mangin
486,Mitsubishi,Pajero,Dalli Sandwich
487,Saab,9-3,Walsh Duly
488,Dodge,Dynasty,Ki Byles
489,Toyota,4Runner,Reagan Whistlecraft
490,Land Rover,Range Rover,Ruby Cracknall
491,Hyundai,Accent,Brynne Ventham
492,Chrysler,Town & Country,Benn Ruler
493,Infiniti,QX,Clyde Yakov
494,Porsche,928,Joyann Gabbatiss
495,Mazda,Tribute,Bruno Spurr
496,Honda,Civic,Johnathan Collingwood
497,Audi,S6,Harriot Bettanay
498,Mazda,Familia,Rodolfo Pfaffe
499,GMC,Sierra 1500,Anabella Nanetti
500,Toyota,Solara,Herminia Hold
501,Cadillac,Escalade,Elane Balloch
502,Toyota,Corolla,Drusi Cotes
503,Lexus,LS,Claudina Croke
504,Infiniti,EX,Cherianne Bufton
505,Ford,Edge,Devinne Strange
506,Ford,Explorer,Vincent Angrove
507,Chevrolet,Express 3500,Claudie Camerati
508,Cadillac,XLR-V,Jarred Shower
509,Ford,Econoline E350,Celia Giggie
510,Chevrolet,Colorado,Breanne Sambeck
511,Saab,9-5,Brade Bowles
512,Ford,Mustang,Flynn Gilardi
513,Pontiac,Grand Prix,Arnaldo Gateshill
514,Buick,Lucerne,Spencer Schops
515,Nissan,Quest,Dorena Kings
516,GMC,Suburban 2500,Horten Burgot
517,Buick,Century,Chiquia Nicklen
518,Nissan,Altima,Marve Colson
519,Volkswagen,Golf,Darby Phippin
520,Maybach,57,Worth Vasile
521,Nissan,350Z,Dorrie Linacre
522,Ford,Explorer Sport Trac,Bobine Younge
523,Porsche,944,Alexi Tother
524,Toyota,Avalon,Liam Bream
525,Jeep,Liberty,Doralia Escolme
526,Suzuki,XL-7,Petronia Dawdry
527,Lexus,GS,Weider Steger
528,Chevrolet,Lumina,Rita Dufer
529,Volkswagen,Type 2,Jillene Cleeve
530,Toyota,Sienna,Janice Goodluck
531,Volkswagen,Fox,Chrisy Willmott
532,Hyundai,Accent,Alleen Tembridge
533,Pontiac,Montana,Gill De Mattei
534,Dodge,Dynasty,Alison Blondell
535,Mitsubishi,Diamante,Derward Viant
536,Ford,Mustang,Georgeanne Steward
537,Chevrolet,Astro,Matilda Stebbins
538,Alfa Romeo,Spider,Blythe Rutherfoord
539,Chevrolet,Avalanche,Nelie Rubrow
540,BMW,X3,Maddie Curcher
541,Ford,Explorer,Daria Linthead
542,Dodge,Ram Van 1500,Celka Doudny
543,Pontiac,Bonneville,Ceciley Starsmore
544,Bentley,Azure,Nolly Riepel
545,Volkswagen,Jetta,Tildi Coslitt
546,Lincoln,Continental,Rorie Symcock
547,Ford,E250,Anitra Elwill
548,Tesla,Roadster,Cookie Estable
549,Mercedes-Benz,CLK-Class,Georges McCombe
550,BMW,X6 M,Rustie Roseaman
551,Ford,C-MAX Hybrid,Esther Ianne
552,Ford,Explorer Sport,Mina Angeli
553,Toyota,Solara,Sonni Gavin
554,Mazda,Tribute,Berky Schimmang
555,Nissan,GT-R,Thatcher Chevolleau
556,Acura,Integra,Braden Rollings
557,Chevrolet,Prizm,Tim Antonopoulos
558,Nissan,Sentra,Sianna Duxbury
559,Jeep,Grand Cherokee,Marlee Davinet
560,Mazda,Mazdaspeed6,Sybilla Muslim
561,Isuzu,Hombre Space,Abbot Francillo
562,Ford,Econoline E150,Marci Dufaur
563,Volkswagen,rio,Merrili Cattonnet
564,Dodge,Ram 1500,Oralia Radnedge
565,GMC,3500,Merilyn Churchlow
566,Dodge,Challenger,Burgess Livermore
567,Mazda,Protege5,Trent Newlan
568,Lincoln,Town Car,Valentine Coursor
569,Nissan,Frontier,Edsel Safhill
570,Oldsmobile,98,Aggie Vercruysse
571,GMC,Vandura G3500,Lulu Bassford
572,Ford,Explorer,Roch Pickwell
573,Volkswagen,New Beetle,Tess Rawkesby
574,Ford,F-Series,Milly Snelman
575,Saab,900,Cecilius Boyne
576,Isuzu,Oasis,Henderson Kuzemka
577,Lexus,GX,Howard Reis
578,Maybach,Landaulet,Kipp Scimoni
579,Subaru,Forester,Doroteya Brick
580,Pontiac,Sunbird,Sapphire MacAfee
581,Mazda,Miata MX-5,Wyatan Coxhell
582,Saturn,S-Series,Gray Kalderon
583,Toyota,Camry Hybrid,Banky Heinonen
584,Ford,E150,Artemus Fiddymont
585,Porsche,911,Felicia Pavlik
586,Ford,Freestyle,Demetre Humpage
587,Lincoln,MKS,Timofei Beininck
588,Toyota,Corolla,Genevra Ionnisian
589,Volkswagen,Passat,Fania Litton
590,Lincoln,Continental,Harlie Stotherfield
591,Hummer,H2,Mitchael Lagen
592,Mazda,MX-6,Mora Tolcharde
593,Toyota,Camry,Melessa Stanaway
594,Mitsubishi,Truck,Ronald Oade
595,Lincoln,Town Car,Corey Willishire
596,Jaguar,XJ,Verina Airey
597,Acura,CL,Brien Wilbud
598,Mercedes-Benz,CL-Class,Jeannine Pusill
599,Mazda,B-Series Plus,Kit Burgwyn
600,Saab,9-3,Gaylene Hynam
601,Suzuki,Swift,Wrennie MacAskie
602,Subaru,Impreza WRX,Fleming Bullan
603,Jeep,Grand Cherokee,Seamus Wakerley
604,Chrysler,300,Charley Lenihan
605,Buick,Regal,Alvinia Gilluley
606,Subaru,XT,Allianora covino
607,Dodge,D350 Club,Jillene Felton
608,Cadillac,Escalade,Jordon Ousby
609,GMC,1500,Emelia Tellesson
610,Mazda,Protege,Alvan Custy
611,Mercedes-Benz,600SEL,Ingra Drinnan
612,Mercury,Villager,Dori Freezer
613,Mitsubishi,Chariot,Jeanine Fasse
614,Nissan,Stanza,Emmi Domange
615,Hyundai,Santa Fe,Dominique Mallen
616,Chevrolet,Blazer,Sibella Yoslowitz
617,Pontiac,Firefly,Urson Playford
618,Buick,LeSabre,Bonnee Terrett
619,Mitsubishi,Montero,Sheba Mompesson
620,Chevrolet,Corvette,Kile Rennie
621,Chevrolet,Aveo,Antonetta Trowsdale
622,Mazda,MPV,Michail Woodnutt
623,Nissan,Altima,Homer Foltin
624,Dodge,Caravan,Konstance Collingworth
625,Land Rover,LR2,Woodrow Dell'Abbate
626,Nissan,Pathfinder Armada,Verney Dufaur
627,Buick,Coachbuilder,Reeba Ferrierio
628,Saturn,S-Series,Daria Jimmison
629,Ford,Probe,Giselle Renachowski
630,Volkswagen,Phaeton,Greggory Shilvock
631,Dodge,Intrepid,Paola Troup
632,Cadillac,Seville,Violetta Landrean
633,Volvo,C30,Maris Ovell
634,Volvo,C30,Fanya Emmett
635,Scion,xB,Frayda Coulsen
636,Cadillac,STS,Andrus Donnel
637,Subaru,Legacy,Josias Carlos
638,Suzuki,Vitara,Binni Stanes
639,Mercedes-Benz,S-Class,Warden MacDearmid
640,Infiniti,QX56,Roderigo Huggett
641,Ford,Falcon,Tamera McNeachtain
642,Cadillac,Catera,Addi Evison
643,Toyota,Celica,Pooh Cowp
644,Oldsmobile,Silhouette,Marina Stinton
645,Pontiac,Firebird Trans Am,Darelle Maylard
646,Cadillac,STS,Selma Cookson
647,Honda,Pilot,Avery Traite
648,Jaguar,XJ,Inglis Jarvis
649,Toyota,RAV4,Orlando Batchley
650,Suzuki,XL7,Archibaldo Mulles
651,Aston Martin,DBS,Jocelyne Vowles
652,Mazda,Protege,Hurlee Petrovic
653,Mitsubishi,3000GT,Robin Haggish
654,Volkswagen,Jetta,Bernita Livett
655,BMW,600,Woodie Syplus
656,Porsche,911,Alverta Ellam
657,Saab,9-5,Daffi Capsey
658,Buick,Century,Pierce Curtin
659,Cadillac,CTS,Fielding Bene
660,Toyota,Sienna,Baron Methuen
661,Pontiac,Grand Prix,Nannette MacBey
662,Ford,Taurus,Stephi Hanbury
663,Pontiac,Grand Prix,Fin O'Kielt
664,Lexus,LS,Dunn MacIllrick
665,Lincoln,Continental Mark VII,Jecho Deguara
666,Ford,Fusion,Julio Pillinger
667,Ford,Expedition,Corey Stollenbeck
668,Porsche,911,Laureen Andrews
669,Pontiac,Grand Prix,Marlena Pesak
670,Ford,Contour,Martina Aimer
671,Subaru,SVX,Alexandre Dowdell
672,Morgan,Aero 8,Zea Verbeek
673,Chevrolet,Express 1500,Garold Lamshead
674,Porsche,Cayman,Denys Stockill
675,Saturn,Aura,Derrik MacIlraith
676,BMW,1 Series,Bobina Doak
677,Honda,Civic,Giana Demead
678,Hyundai,Tiburon,Alano Diplock
679,BMW,M3,Lucia Eich
680,Pontiac,GTO,Jean Tregien
681,Chevrolet,Astro,Sigismond Berndsen
682,Tesla,Model S,Emalee Jakobssen
683,Mercedes-Benz,GL-Class,Gabriela Neicho
684,Ford,Explorer,Judas Clewlowe
685,Mitsubishi,Pajero,Sascha Wince
686,Jeep,Wrangler,Cully Sell
687,Dodge,Avenger,Taffy Carleman
688,Volkswagen,Golf,Thorpe Kubera
689,Chevrolet,Astro,Neale Burchett
690,Mercury,Grand Marquis,Sybilla Alliot
691,Mazda,Mazda3,Lynde Bazylets
692,Ford,Ranger,Bebe Ludovico
693,Ford,E-Series,Eula Dog
694,Ford,F350,Ruddy Midson
695,Ford,Mustang,Iver Verecker
696,BMW,3 Series,Merrie Bearcock
697,Maybach,62,Alane Matuszyk
698,Nissan,Sentra,Ebony Trunchion
699,Mazda,Protege,Wheeler Scutter
700,Volvo,XC90,Erinna Eskrick
701,Toyota,Camry,Colver Bulch
702,Austin,Mini Cooper S,Rayna Trigg
703,Pontiac,Bonneville,Barby Eyers
704,Ford,E150,Tate Ebhardt
705,Chevrolet,Suburban 1500,Alica Pinnington
706,Infiniti,QX,Mureil Jereatt
707,Cadillac,DTS,Karlan De Vaar
708,Hyundai,Accent,Pierce Krysiak
709,Subaru,Forester,Grange Desforges
710,Mitsubishi,GTO,Sibyl Pinnion
711,Pontiac,Firefly,Teddie Ludewig
712,Nissan,Versa,Pace Blinco
713,Nissan,Sentra,Jaimie Muncie
714,Isuzu,Amigo,Augustus Sickert
715,Oldsmobile,Aurora,Janenna Burnep
716,GMC,Savana 3500,Nicholas Hayller
717,Lincoln,Navigator L,Wright Leney
718,Dodge,Ram Van 3500,Anderson Burras
719,Mitsubishi,Outlander,Alissa Hummerston
720,BMW,5 Series,Leanora Farfoot
721,Maybach,57,Freeman Suthworth
722,Mercedes-Benz,C-Class,Ephrem Greenland
723,BMW,525,Chrisse Caves
724,Mitsubishi,Montero Sport,Marcelia Dixey
725,Volvo,S80,Elwira Lillistone
726,Mercedes-Benz,SL-Class,Emilio Eidler
727,Lexus,LX,Murial Brumbie
728,Jeep,Wrangler,Miquela Thieme
729,Ford,Econoline E250,Waverly Christene
730,Porsche,Boxster,Donetta Mariaud
731,Volvo,S60,Brooks Belt
732,Dodge,Dakota,Pet O' Dooley
733,Audi,90,Clara Wreford
734,Chrysler,Voyager,Coral Cayser
735,Infiniti,QX56,Renie Wegenen
736,Lexus,RX,Chrissie Bellham
737,Dodge,Dakota Club,Pepita Mazzeo
738,BMW,X6,Rollins Manginot
739,Chrysler,Cirrus,Rozamond Glas
740,GMC,Savana 2500,Lulu Beddard
741,Volkswagen,Golf,Cecile Rilton
742,Volvo,XC90,Barbabra Osborne
743,Pontiac,Grand Am,Charley La Rosa
744,Ford,Taurus X,Edwina Yitzhok
745,Oldsmobile,Cutlass Supreme,Holt Hazard
746,Lincoln,Continental Mark VII,Shaun Gumbley
747,Pontiac,Fiero,Eran Dobrovolny
748,Porsche,924,Quinn Steels
749,Ford,Windstar,Ava Cassley
750,Jeep,Grand Cherokee,Haley Margett
751,Buick,LaCrosse,Tonie Depper
752,Dodge,Caravan,Riki Coatts
753,Audi,Q7,Lalo Winter
754,Hyundai,Entourage,Denna Sutch
755,Kia,Sportage,Angela Spellacy
756,Honda,Insight,Clevey Templeman
757,Nissan,Titan,Courtney Levane
758,Chevrolet,Tracker,Gifford Hall
759,Dodge,Caravan,Rita Haggerty
760,Mercury,Grand Marquis,Stefa Degue
761,Plymouth,Reliant,Fanya Jeays
762,Buick,LeSabre,Den Hunsworth
763,Oldsmobile,88,Ewen Sewall
764,Lexus,LS Hybrid,Rip Rodd
765,Ford,Expedition,Blair Samson
766,Buick,Enclave,Terrence Minghetti
767,BMW,M Roadster,Charmion Gyrgorcewicx
768,Suzuki,Forenza,Evanne England
769,Pontiac,Monterey,Ilse Patley
770,Infiniti,Q,Lulu Mustoo
771,Toyota,Sienna,Donavon Glantz
772,Mazda,Mazda6 Sport,Elinor Alfonsini
773,Jaguar,S-Type,Freeman Di Carli
774,Chevrolet,Avalanche 1500,Melina Phalp
775,Acura,TL,Hermia Luparti
776,Oldsmobile,Custom Cruiser,Elsbeth Ashforth
777,Scion,xD,Finn Cosslett
778,Volkswagen,Cabriolet,Trenna Whorall
779,Toyota,4Runner,Lilllie Took
780,Chevrolet,Blazer,Beck Whitlock
781,Ford,Taurus,Bryn Jaan
782,Pontiac,GTO,Wilhelmina Geffen
783,BMW,M3,Karrie McGilroy
784,Dodge,Ram Van B250,Kippie Broughton
785,BMW,3 Series,Kinnie Solly
786,Ford,Mustang,Marlon Parkyn
787,Mitsubishi,Eclipse,Araldo Pepin
788,Bentley,Continental Flying Spur,Sherlock Garvie
789,Maserati,GranSport,Cross Langthorne
790,Pontiac,Montana,Ennis Trobey
791,Mazda,RX-7,Cornell Querrard
792,Hyundai,Sonata,Natale Stallon
793,Chevrolet,Tahoe,Alexine Rominov
794,Lexus,IS F,Brande Ballaam
795,Chevrolet,SSR,Roth Joel
796,Kia,Rio,Huntley Rosenfelt
797,Infiniti,QX56,Skipper Sprigg
798,Maybach,57,Nissie Luppitt
799,Pontiac,Grand Prix,Denni Edgecombe
800,Toyota,TundraMax,Lurline Benoy
801,Lexus,LS Hybrid,Marley Lanfere
802,Hyundai,Veracruz,Andrea Emor
803,Isuzu,Rodeo,Garnette Scawn
804,Chevrolet,Equinox,Milzie Pirie
805,Land Rover,Freelander,Ulrika Maharg
806,Chevrolet,Cavalier,Eadie Cuschieri
807,Lincoln,LS,Carlynn Crush
808,Maserati,Gran Sport,Faythe Mordy
809,Audi,5000S,Clevey Oxberry
810,Ford,Explorer,Monro Chaney
811,GMC,Yukon XL 1500,Boniface Lisciandri
812,Mercury,Grand Marquis,Sonia Wimbridge
813,Mercedes-Benz,W201,Denney Bracci
814,Mazda,Tribute,Teriann Coatts
815,Mercury,Mountaineer,Maggy Piaggia
816,Toyota,Avalon,Luciano Wyse
817,Toyota,Celica,Roderic Sapwell
818,Toyota,Sequoia,Ambrosius Regglar
819,Mercedes-Benz,E-Class,Giacopo Gutcher
820,Dodge,Ram 1500 Club,Peta Wheelhouse
821,Nissan,Sentra,Duff Shawyers
822,Chevrolet,Venture,Nicol Mityashev
823,Volkswagen,Cabriolet,Carmelia Muckleston
824,Dodge,Ram Wagon B350,Rollins Pentlow
825,Pontiac,Firebird,Geraldine Najafian
826,Chevrolet,Tahoe,Michel Brice
827,Dodge,Stealth,Janos Hartles
828,GMC,Sierra 2500HD,Korrie Tidbold
829,Infiniti,J,Norah Goligher
830,Honda,Passport,Lorianne Geaves
831,Chevrolet,Monte Carlo,Reinwald Heams
832,Oldsmobile,Toronado,Sigrid Mote
833,Ford,Ranger,Janine Tailour
834,Ford,Crown Victoria,Garrett Hamlet
835,Honda,Pilot,Krista Banasik
836,Mazda,Miata MX-5,Indira Pude
837,Volvo,S60,Flem Farnon
838,Mitsubishi,Mirage,Isador Shayler
839,Porsche,Boxster,Oralia Poore
840,Hyundai,Tiburon,Otis Bartlet
841,Pontiac,Vibe,Bren Winstone
842,Buick,Century,Freddie McShea
843,Buick,Regal,Cirstoforo Rutherforth
844,Chevrolet,G-Series 2500,Lauretta Milmo
845,Cadillac,DeVille,Madlin Addison
846,Toyota,Celica,Leslie MacGowing
847,Honda,S2000,Harwell Sidle
848,Suzuki,Vitara,Eb Gwilliam
849,Dodge,Dakota Club,Trixie L'Episcopio
850,Eagle,Talon,Ruthanne Chsteney
851,Chevrolet,Colorado,Rori Philpault
852,Buick,Skylark,Araldo Skerm
853,Toyota,Paseo,Tessa Norree
854,BMW,3 Series,Babette Fieller
855,Mazda,B-Series,Emmi Besantie
856,Buick,Roadmaster,Caterina Crate
857,GMC,Sierra 3500,Konrad Kindon
858,Lincoln,Continental,Manfred Finneran
859,Acura,NSX,Whitaker Birchner
860,Mitsubishi,Raider,Elmira Chettoe
861,GMC,Savana 2500,Merci Ivins
862,Oldsmobile,Silhouette,Timmi Boomes
863,Ford,Fairlane,Shawna Valeri
864,Jaguar,S-Type,Whit Metterick
865,Jaguar,S-Type,Jayne Imore
866,Ford,Mustang,Jaime Champneys
867,Subaru,Loyale,Krysta Roelofs
868,Mazda,MX-6,Monty Morrice
869,GMC,Savana 2500,Bliss Yardy
870,Lexus,LS,Leola Sam
871,Mercedes-Benz,SLK-Class,Cathrine Scoterbosh
872,Land Rover,Range Rover,Rivi Flear
873,Kia,Sephia,Scottie Capstake
874,Buick,Park Avenue,Natale Spada
875,Ford,Escape,Natalee Caltera
876,Mazda,MX-6,Abby Lochrie
877,Suzuki,Grand Vitara,Tristam Drewe
878,Isuzu,Hombre,Doyle Niesegen
879,Land Rover,Discovery,Gilemette Dahmel
880,GMC,3500,Amby Birchett
881,Mazda,Miata MX-5,Zea Kaaskooper
882,Nissan,Murano,Cathleen Flawith
883,Kia,Sephia,Nial Olin
884,Ford,Crown Victoria,Ketty Kubanek
885,GMC,Envoy,Erv Soughton
886,Mitsubishi,Outlander,Jojo Camp
887,Ford,Falcon,Angelina D'Aeth
888,Chevrolet,Corvette,Burnard Newsham
889,Buick,Verano,Palm Raulin
890,Mitsubishi,L300,Isabelle Gullis
891,Lincoln,Town Car,Ann-marie Culver
892,Ford,E-Series,Tanner Dare
893,Saab,9-5,Myron Haining
894,Ford,Focus,Costanza Lavalde
895,Nissan,Sentra,Erastus Brisard
896,Buick,Enclave,Francesca Dunkerton
897,Dodge,Viper,Davida Bridal
898,Land Rover,Range Rover Sport,Hewitt Collerd
899,Audi,A6,Desmund Fairhurst
900,Dodge,D150,Elsinore Ayto
901,Land Rover,Range Rover,Quent Sommerled
902,Mercury,Mountaineer,Sibyl Beet
903,Volvo,S40,Jordan Durtnell
904,Nissan,Leaf,Jacquelyn Chatenet
905,GMC,Suburban 2500,Bonni Warbeys
906,Honda,Accord Crosstour,Yelena Instone
907,Chevrolet,Express 3500,Glynda Killcross
908,GMC,Safari,Sophie McCobb
909,Suzuki,Daewoo Lacetti,Sybil Bacchus
910,Mitsubishi,Starion,Wyndham Oels
911,Jeep,Liberty,Ugo Fortoun
912,Suzuki,Sidekick,Cyrillus Meadowcroft
913,Mazda,626,Joletta Zukierman
914,Pontiac,Grand Prix,Ronalda Gorgler
915,Toyota,Camry,Kristi Mantram
916,Saturn,L-Series,Artur Rohlf
917,Hummer,H1,Bay Blackmoor
918,Fiat,500,Angie Laurenceau
919,Mazda,Millenia,Ardith Mosson
920,Hyundai,Sonata,Greta Acedo
921,Chevrolet,Avalanche 2500,Britney Barthelemy
922,Dodge,Durango,Annice Pittel
923,Lotus,Exige,Gail Otterwell
924,Volvo,960,Lark Anshell
925,Toyota,Highlander Hybrid,Gunner Lorking
926,Ford,Taurus,Torin Foxworthy
927,Ford,Thunderbird,Pren Janiak
928,Toyota,Corolla,Eadie Eudall
929,Audi,Q7,Shelby Ricardet
930,Aston Martin,V8 Vantage,Anatola Casement
931,Saab,9-3,Bond Iglesiaz
932,Nissan,Sentra,Cilka Bowring
933,Audi,A8,Kipp Coupland
934,Chevrolet,Caprice,Robbie Swains
935,Hummer,H1,Lindsay Exroll
936,Dodge,Ram 1500,Johannes McAlindon
937,Chevrolet,Monte Carlo,Bordie Fratson
938,Toyota,Prius,Tabbie Illing
939,Maserati,Biturbo,Jennie Ledur
940,Chevrolet,Blazer,Bat MacDonell
941,Dodge,Viper,Kerrill Greenan
942,Ford,Fiesta,Zeke Patullo
943,Volkswagen,rio,Kippar Roxbrough
944,Oldsmobile,Cutlass,Zondra Edlyn
945,Aptera,2e,Micheal Khalid
946,Volvo,V40,Artemus Percy
947,Buick,Park Avenue,Griz Hariot
948,Dodge,Shadow,Mariel Rodwell
949,Cadillac,CTS-V,Agustin Rate
950,Lexus,GX,Lauren Balazin
951,Mazda,Miata MX-5,Carmela Kupka
952,BMW,7 Series,Clio Costar
953,Ford,Mustang,Cleavland Tripony
954,Mitsubishi,Lancer Evolution,Kalvin Macourek
955,Chevrolet,G-Series G20,Zelig Matzeitis
956,Saturn,Ion,Donal Lambersen
957,Ford,Ranger,Izzy Spaice
958,Scion,xD,Edsel Kavanagh
959,Ford,E250,Raynard Raspison
960,Toyota,Tacoma Xtra,Godfrey Scrowton
961,Ford,E150,Gerik Cawdell
962,Saab,9-5,Gottfried Iggo
963,Chevrolet,Express 3500,Marlo Stangroom
964,GMC,Sierra 1500,Kaye Gwillim
965,Hyundai,Sonata,Bartholemy Pierpoint
966,Mercury,Topaz,Mariam Webb-Bowen
967,Mitsubishi,Challenger,Mara Kenafaque
968,Toyota,FJ Cruiser,Arabele Tuttle
969,Audi,5000CS,Clarette Ellingford
970,Toyota,Yaris,Brock Starcks
971,Ford,E250,Sabina Meineken
972,Mercury,Villager,Gusta Dilger
973,Volkswagen,Golf,Rahal Oliver
974,MINI,Cooper Countryman,Odella Gavozzi
975,Porsche,Boxster,Catha Boorne
976,Lexus,RX,Lucie Heningam
977,Dodge,Sprinter,Knox Formilli
978,Dodge,Ram 1500,Wendye Shirland
979,Mitsubishi,Montero,Johna Thewles
980,Nissan,Pathfinder,Cherie Gale
981,Mercedes-Benz,C-Class,Jock Beecheno
982,Buick,LeSabre,Gwendolen Lydford
983,Ford,E-Series,Hulda Gloves
984,Lexus,GS,Winfred Cicutto
985,Toyota,4Runner,Gradeigh Grinikhinov
986,Ford,E-Series,Dorette O'Shiels
987,Honda,Odyssey,Shandeigh Duncklee
988,Bentley,Azure,Winnifred Wingate
989,Plymouth,Voyager,Munmro Grieve
990,Mazda,626,Saundra Winters
991,Porsche,911,Teddy Clawe
992,Volvo,C70,Charley Bathurst
993,Mercury,Grand Marquis,Dorie Sarver
994,Nissan,Altima,Tiffani Sudran
995,Jaguar,XF,Kasey Farnworth
996,Mitsubishi,Lancer,Isa Pote
997,Maybach,57,Kristo Welbourn
998,Mitsubishi,RVR,Gifford Ivanaev
999,Lincoln,Mark LT,Cassaundra Gouge
1000,Subaru,Forester,Gerald Waadenburg
